<?xml version="1.0"?>
<configuration>

<!-- service name -->
<property>
<name>scf.service.name</name>
<value>scfdemo</value>
</property>

<!-- socket server listent ip -->
<property>
<name>scf.server.tcp.listenIP</name>
<value>127.0.0.1</value>
</property>

<!-- socket server listent port -->
<property>
<name>scf.server.tcp.listenPort</name>
<value>16001</value>
</property>

<property>
<name>scf.server.telnet.listenIP</name>
<value>127.0.0.1</value>
</property>

<!-- telnet server listent port -->
<property>
<name>scf.server.telnet.listenPort</name>
<value>26001</value>
</property>

</configuration>